{"train_loss": 0.3295210301876068, "epoch": 19, "_timestamp": 1711543331.57636, "_runtime": 31.108969926834106, "_step": 4919, "val_loss": 0.06723274872555428, "val_accuracy": 0.5818505338078291, "user": "Nicolai", "_wandb": {"runtime": 29}}