{"train_loss": 0.15902569890022278, "epoch": 149, "_timestamp": 1711548583.7610095, "_runtime": 106.33243036270142, "_step": 9449, "val_loss": 0.035706116741662346, "val_accuracy": 0.5836298932384342, "user": "Nicolai", "_wandb": {"runtime": 105}}