{"train_loss": 0.538779079914093, "epoch": 19, "_timestamp": 1711541502.864412, "_runtime": 17.778598070144653, "_step": 1259, "val_loss": 0.011355226362303059, "val_accuracy": 0.6120996441281139, "user": "Nicolai", "_wandb": {"runtime": 16}}