{"train_loss": 0.6931748390197754, "epoch": 99, "_timestamp": 1711535725.7551076, "_runtime": 176.33078455924988, "_step": 24599, "val_loss": 0.04381461468031398, "val_accuracy": 0.4697508896797153, "user": "Nicolai", "_wandb": {"runtime": 175}}