{"train_loss": 0.678638756275177, "epoch": 0, "_timestamp": 1711535386.419252, "_runtime": 4.143066883087158, "_step": 140}