{"train_loss": 0.2640330195426941, "epoch": 149, "_timestamp": 1711541881.501434, "_runtime": 115.88981199264526, "_step": 9449, "val_loss": 0.033367841905546355, "val_accuracy": 0.5782918149466192, "user": "Nicolai", "_wandb": {"runtime": 114}}