{"train_loss": 0.8289845585823059, "epoch": 19, "_timestamp": 1711548623.0982587, "_runtime": 16.031064748764038, "_step": 1259, "val_loss": 0.010902049013304117, "val_accuracy": 0.6129893238434164, "user": "Nicolai", "_wandb": {"runtime": 14}}