{"train_loss": 0.6226710081100464, "epoch": 19, "_timestamp": 1711541558.6068761, "_runtime": 17.24197506904602, "_step": 1259, "val_loss": 0.010773268617769153, "val_accuracy": 0.5845195729537367, "user": "Nicolai", "_wandb": {"runtime": 16}}