{"train_loss": 0.6868972778320312, "epoch": 99, "_timestamp": 1711538470.8251982, "_runtime": 198.44466519355774, "_step": 24599, "val_loss": 0.04572094674636461, "val_accuracy": 0.46886120996441283, "user": "Nicolai", "_wandb": {"runtime": 197}}