{"train_loss": 0.4318080246448517, "epoch": 19, "_timestamp": 1711548703.9714744, "_runtime": 15.269925355911255, "_step": 1259, "val_loss": 0.010844548401883489, "val_accuracy": 0.5987544483985765, "user": "Nicolai", "_wandb": {"runtime": 13}}