{"train_loss": 9.656468504646399e-21, "epoch": 149, "_timestamp": 1711536825.0654893, "_runtime": 286.7012312412262, "_step": 36899, "val_loss": 1.5196401336863372, "val_accuracy": 0.5809608540925267, "user": "Nicolai", "_wandb": {"runtime": 285}}