{"train_loss": 0.3070724308490753, "epoch": 19, "_timestamp": 1711545693.1224542, "_runtime": 21.33538007736206, "_step": 2479, "val_loss": 0.03659017940857232, "val_accuracy": 0.5818505338078291, "user": "Nicolai", "_wandb": {"runtime": 20}}