{"train_loss": 7.582524995086715e-05, "epoch": 149, "_timestamp": 1711540020.8344984, "_runtime": 176.11554646492004, "_step": 18599, "val_loss": 0.1699690109390593, "val_accuracy": 0.6014234875444839, "user": "Nicolai", "_wandb": {"runtime": 174}}