{"train_loss": 0.19972646236419678, "epoch": 96, "_timestamp": 1711536038.0560312, "_runtime": 196.18072724342346, "_step": 23646, "val_loss": 0.20981374279628226, "val_accuracy": 0.5676156583629893, "user": "Nicolai"}