{"train_loss": 0.701364278793335, "epoch": 49, "_timestamp": 1711537347.7140036, "_runtime": 101.17320966720581, "_step": 12299, "val_loss": 0.04356471563149177, "val_accuracy": 0.5346975088967971, "user": "Nicolai", "_wandb": {"runtime": 99}}