{"train_loss": 0.22494566440582275, "epoch": 19, "_timestamp": 1711538845.7317479, "_runtime": 24.843753814697266, "_step": 2479, "val_loss": 0.046733493747660275, "val_accuracy": 0.5578291814946619, "user": "Nicolai", "_wandb": {"runtime": 23}}