{"train_loss": 0.7160630822181702, "epoch": 0, "_timestamp": 1711535079.9562402, "_runtime": 3.339639186859131, "_step": 131}