{"train_loss": 0.9702579379081726, "epoch": 19, "_timestamp": 1711544944.7183073, "_runtime": 35.11765933036804, "_step": 4919, "val_loss": 0.043736574621175105, "val_accuracy": 0.6201067615658363, "user": "Nicolai", "_wandb": {"runtime": 33}}