{"train_loss": 0.0022581072989851236, "epoch": 149, "_timestamp": 1711548466.3507507, "_runtime": 101.77919673919678, "_step": 9449, "val_loss": 0.0504227282737922, "val_accuracy": 0.5916370106761566, "user": "Nicolai", "_wandb": {"runtime": 100}}