{"train_loss": 0.5299137234687805, "epoch": 19, "_timestamp": 1711537982.9197624, "_runtime": 41.571070432662964, "_step": 4919, "val_loss": 0.04173415480347291, "val_accuracy": 0.6147686832740213, "user": "Nicolai", "_wandb": {"runtime": 40}}