{"train_loss": 0.4411548972129822, "epoch": 19, "_timestamp": 1711548102.0203805, "_runtime": 15.22511339187622, "_step": 1259, "val_loss": 0.013852664955570181, "val_accuracy": 0.5791814946619217, "user": "Nicolai", "_wandb": {"runtime": 14}}