{"train_loss": 0.6896858215332031, "epoch": 19, "_timestamp": 1711544995.945279, "_runtime": 38.09586977958679, "_step": 4919, "val_loss": 0.043813738057197626, "val_accuracy": 0.4697508896797153, "user": "Nicolai", "_wandb": {"runtime": 34}}