{"train_loss": 0.15516400337219238, "epoch": 149, "_timestamp": 1711541473.114197, "_runtime": 117.28282594680786, "_step": 9449, "val_loss": 0.0403208993507874, "val_accuracy": 0.5747330960854092, "user": "Nicolai", "_wandb": {"runtime": 116}}