{"train_loss": 0.2884267568588257, "epoch": 99, "_timestamp": 1711548355.519631, "_runtime": 68.84588193893433, "_step": 6299, "val_loss": 0.04158196457764432, "val_accuracy": 0.5854092526690391, "user": "Nicolai", "_wandb": {"runtime": 67}}