{"train_loss": 0.14621439576148987, "epoch": 49, "_timestamp": 1711543418.064227, "_runtime": 74.85354113578796, "_step": 12299, "val_loss": 0.2350209325001396, "val_accuracy": 0.5738434163701067, "user": "Nicolai", "_wandb": {"runtime": 73}}