{"train_loss": 0.57342129945755, "epoch": 19, "_timestamp": 1711537921.532942, "_runtime": 45.675212144851685, "_step": 4919, "val_loss": 0.04274755947000191, "val_accuracy": 0.6014234875444839, "user": "Nicolai", "_wandb": {"runtime": 39}}