{"train_loss": 0.2601305842399597, "epoch": 49, "_timestamp": 1711543509.5242407, "_runtime": 78.42149066925049, "_step": 12299, "val_loss": 0.16049309226011466, "val_accuracy": 0.5676156583629893, "user": "Nicolai", "_wandb": {"runtime": 77}}