{"train_loss": 0.5686637163162231, "epoch": 149, "_timestamp": 1711547370.4195716, "_runtime": 150.71920561790466, "_step": 18599, "val_loss": 0.040543556478524125, "val_accuracy": 0.594306049822064, "user": "Nicolai", "_wandb": {"runtime": 149}}