{"train_loss": 0.6889091730117798, "epoch": 0, "_timestamp": 1711534836.8823802, "_runtime": 3.7709343433380127, "_step": 178}