{"train_loss": 0.32862842082977295, "epoch": 19, "_timestamp": 1711548075.5214362, "_runtime": 15.314641237258911, "_step": 1259, "val_loss": 0.015047135885499975, "val_accuracy": 0.5667259786476868, "user": "Nicolai", "_wandb": {"runtime": 14}}