{"train_loss": 0.6954168081283569, "epoch": 149, "_timestamp": 1711542007.2065246, "_runtime": 115.93290662765503, "_step": 9449, "val_loss": 0.011108923902290995, "val_accuracy": 0.4697508896797153, "user": "Nicolai", "_wandb": {"runtime": 114}}