{"train_loss": 0.5274452567100525, "epoch": 99, "_timestamp": 1711545369.386561, "_runtime": 171.9992868900299, "_step": 24599, "val_loss": 0.05002476439357228, "val_accuracy": 0.5969750889679716, "user": "Nicolai", "_wandb": {"runtime": 168}}