{"train_loss": 0.5366907119750977, "epoch": 19, "_timestamp": 1711548678.4186268, "_runtime": 15.9231538772583, "_step": 1259, "val_loss": 0.010825582776629627, "val_accuracy": 0.6076512455516014, "user": "Nicolai", "_wandb": {"runtime": 14}}