{"train_loss": 0.13361255824565887, "epoch": 49, "_timestamp": 1711547663.9449127, "_runtime": 35.014365673065186, "_step": 3149, "val_loss": 0.041177983703986606, "val_accuracy": 0.5747330960854092, "user": "Nicolai", "_wandb": {"runtime": 33}}